"purdue","2749"
"science","1555"
"university","1534"
"students","1372"
"cs","1088"
"student","882"
"contact","867"
"college","829"
"research","735"
"faculty","700"
"information","614"
"alumni","590"
"office","587"
"news","537"
"campus","533"
"application","526"
"resources","516"
"building","489"
"mail","479"
"bio","477"
"admissions","475"
"advisor","471"
"apply","463"
"visit","458"
"west","426"
"lafayette","425"
"award","418"
"distinguished","398"
"graduate","394"
"page","382"
"opportunity","378"
"aid","370"
"info","370"
"academics","364"
"financial","357"
"links","349"
"calendar","343"
"department","341"
"haas","340"
"engineering","322"
"phd","308"
"professor","305"
"outstanding","305"
"seminars","300"
"programs","292"
"paper","292"
"program","288"
"school","287"
"lawson","284"
"new","283"
"current","281"
"awards","280"
"staff","270"
"business","269"
"undergraduate","263"
"plan","262"
"careers","260"
"lwsn","256"
"hall","250"
"gift","250"
"reports","250"
"help","248"
"facilities","246"
"phone","243"
"directory","243"
"equal","242"
"map","239"
"copyright","239"
"giving","238"
"recipients","238"
"technology","237"
"past","232"
"software","231"
"tuition","229"
"center","229"
"quick","229"
"study","226"
"learning","224"
"systems","224"
"trouble","224"
"summer","222"
"accessequal","222"
"courses","219"
"libraries","218"
"emergency","217"
"career","214"
"best","214"
"data","212"
"diversity","211"
"employment","211"
"life","210"
"felix","209"
"fax","208"
"people","207"
"use","204"
"events","204"
"planned","203"
"admitted","196"
"academic","193"
"abroad","189"
